{
  "config": {
    "//": "set publish to false to skip this in production",
    "publish": true
  },
  "head": {
    "title": "CSS how to",
    "description": "When a browser reads a style sheet, it will format the HTML document according to the information in the style sheet."
  },
  "body": [
    {
      "type": "h2",
      "data": "Three Ways to Insert CSS"
    }
    ,{
      "type": "paragraph",
      "data": [
        "There are three ways of inserting a style sheet:"
      ]
    }
    ,{
      "type": "ul",
      "data": [
        "External style sheet",
        "Internal style sheet",
        "Inline style"
      ]
    }
    ,{
      "type": "h3",
      "data": "External Style Sheet"
    }
    ,{
      "type": "paragraph-safe",
      "data": [
        "With an external style sheet, you can change the look of an entire website by changing just one file!",
        "Each page must include a reference to the external style sheet file inside the &lt;link&gt; element. The &lt;link&gt; element goes inside the &lt;head&gt; section:"
      ]
    }
    ,{
      "type": "pre",
      "title": "Example",
      "data": [
        "<head>\n<link rel=\"stylesheet\" type=\"text/css\" href=\"mystyle.css\">\n</head>"
      ]
    }
    ,{
      "type": "paragraph",
      "data": [
        "An external style sheet can be written in any text editor. The file should not contain any html tags. The style sheet file must be saved with a .css extension.",
        "Here is how the \"mystyle.css\" looks:"
      ]
    }
    ,{
      "type": "pre",
      "title": "Example",
      "data": [
        "body {\n    background-color: lightblue;\n}\n\nh1 {\n    color: navy;\n    margin-left: 20px;\n}"
      ]
    }
    ,{
      "type": "hr"
    }
    ,{
      "type": "blockquote",
      "data": [
        "Note: Do not add a space between the property value and the unit (such as margin-left: 20 px;). The correct way is: margin-left: 20px;"
      ]
    }
    ,{
      "type": "h3",
      "data": "Internal Style Sheet"
    }
    ,{
      "type": "paragraph-safe",
      "data": [
        "An internal style sheet may be used if one single page has a unique style.",
        "Internal styles are defined within the &lt;style&gt; element, inside the &lt;head&gt; section of an HTML page:"
      ]
    }
    ,{
      "type": "pre",
      "title": "Example",
      "data": [
        "<head>\n<style>\nbody {\n    background-color: linen;\n}\n\nh1 {\n    color: maroon;\n    margin-left: 40px;\n} \n</style>\n</head>"
      ]
    }
    ,{
      "type": "h3",
      "data": "Inline  Styles"
    }
    ,{
      "type": "paragraph-safe",
      "data": [
        "An inline style may be used to apply a unique style for a single element.",
        "To use inline styles, add the style attribute to the relevant element. The style attribute can contain any CSS property.",
        "The example below shows how to change the color and the left margin of a <h1> element:"
      ]
    }
    ,{
      "type": "pre",
      "title": "Example",
      "data": [
        "<h1 style=\"color:blue;margin-left:30px;\">This is a heading</h1>"
      ]
    }
    ,{
      "type": "hr"
    }
    ,{
      "type": "blockquote",
      "data": [
        "Tip: An inline style loses many of the advantages of a style sheet (by mixing content with presentation). Use this method sparingly."
      ]
    }
    ,{
      "type": "h2",
      "data": "Multiple Style Sheets"
    }
    ,{
      "type": "paragraph",
      "data": [
        "If some properties have been defined for the same selector (element) in different style sheets, the value from the last read style sheet will be used.",
        "Assume that an external style sheet has the following style for the <h1> element:"
      ]
    }
    ,{
      "type": "pre",
      "data": [
        "h1 {\n    color: navy;\n}"
      ]
    }
    ,{
      "type": "paragraph-safe",
      "data": [
        "then, assume that an internal style sheet also has the following style for the &lt;h1&gt; element:"
      ]
    }
    ,{
      "type": "pre",
      "data": [
        "h1 {\n    color: orange;\n}"
      ]
    }
    ,{
      "type": "paragraph-safe",
      "data": [
        "If the internal style is defined after the link to the external style sheet, the &lt;h1&gt; elements will be \"orange\":"
      ]
    }
    ,{
      "type": "pre",
      "title": "Example",
      "data": [
        "<head>\n<link rel=\"stylesheet\" type=\"text/css\" href=\"mystyle.css\">\n<style>\nh1 {\n    color: orange;\n}\n</style>\n</head>"
      ]
    }
    ,{
      "type": "paragraph-safe",
      "data": [
        "However, if the internal style is defined before the link to the external style sheet, the &lt;h1&gt; elements will be \"navy\":"
      ]
    }
    ,{
      "type": "pre",
      "title": "Example",
      "data": [
        "<head>\n<style>\nh1 {\n    color: orange;\n}\n</style>\n<link rel=\"stylesheet\" type=\"text/css\" href=\"mystyle.css\">\n</head>"
      ]
    }
    ,{
      "type": "paragraph",
      "data": [
        "What style will be used when there is more than one style specified for an HTML element?",
        "Generally speaking we can say that all the styles will \"cascade\" into a new \"virtual\" style sheet by the following rules, where number one has the highest priority:"
      ]
    }
    ,{
      "type": "ol",
      "data": [
        "Inline style (inside an HTML element)",
        "External and internal style sheets (in the head section)",
        "Browser default"
      ]
    }
    ,{
      "type": "paragraph-safe",
      "data": [
        "So, an inline style (inside a specific HTML element) has the highest priority, which means that it will override a style defined inside the &lt;head&gt; tag, or in an external style sheet, or a browser default value."
      ]
    }
  ]
}
